namespace,key,ko,en
common,app.title,POREST Desk,POREST Desk
common,save,저장,Save
common,cancel,취소,Cancel
common,delete,삭제,Delete
common,edit,수정,Edit
common,create,생성,Create
common,search,검색,Search
common,confirm,확인,Confirm
common,loading,로딩 중...,Loading...
common,noData,데이터가 없습니다,No data
common,error,오류가 발생했습니다,An error occurred
layout,dashboard,대시보드,Dashboard
layout,todo,할일,Todo
layout,calendar,캘린더,Calendar
layout,calculator,계산기,Calculator
layout,memo,메모,Memo
layout,timer,타이머,Timer
layout,expense,가계부,Expense
layout,asset,자산,Assets
layout,dutchPay,더치페이,Dutch Pay
layout,group,그룹,Groups
layout,settings,설정,Settings
layout,more,더보기,More
layout,menu,메뉴,Menu
layout,logout,로그아웃,Log out
todo,title,할일,Todo
todo,createTodo,할일 추가,Add Todo
todo,editTodo,할일 수정,Edit Todo
todo,deleteTodo,할일 삭제,Delete Todo
todo,addTodo,새 할일 추가,Add new todo
todo,createFirst,첫 번째 할일을 만들어 보세요,Create your first todo
todo,empty,할일이 없습니다,No todos yet
todo,status.ALL,전체,All
todo,status.PENDING,대기,Pending
todo,status.IN_PROGRESS,진행 중,In Progress
todo,status.COMPLETED,완료,Completed
todo,priority.ALL,전체,All
todo,priority.HIGH,높음,High
todo,priority.MEDIUM,보통,Medium
todo,priority.LOW,낮음,Low
todo,form.title,제목,Title
todo,form.titlePlaceholder,할일 제목을 입력하세요,Enter todo title
todo,form.titleRequired,제목을 입력해주세요,Title is required
todo,form.content,내용,Content
todo,form.contentPlaceholder,상세 내용을 입력하세요,Enter details
todo,form.priority,우선순위,Priority
todo,form.category,카테고리,Category
todo,form.categoryPlaceholder,카테고리를 입력하세요,Enter category
todo,form.dueDate,마감일,Due Date
todo,deleteConfirm.title,할일 삭제,Delete Todo
todo,deleteConfirm.message,"이 할일을 삭제하시겠습니까? 이 작업은 되돌릴 수 없습니다.","Are you sure you want to delete this todo? This action cannot be undone."
todo,deleteConfirm.cancel,취소,Cancel
todo,deleteConfirm.confirm,삭제,Delete
todo,project,프로젝트,Project
todo,projects,프로젝트,Projects
todo,addProject,프로젝트 추가,Add Project
todo,editProject,프로젝트 수정,Edit Project
todo,allProjects,전체 프로젝트,All Projects
todo,noProjects,프로젝트가 없습니다,No projects yet
todo,form.projectName,프로젝트 이름,Project Name
todo,form.projectNamePlaceholder,프로젝트 이름을 입력하세요,Enter project name
todo,form.project,프로젝트,Project
todo,form.color,색상,Color
todo,form.description,설명,Description
todo,form.descriptionPlaceholder,설명을 입력하세요,Enter description
todo,tag,태그,Tag
todo,tags,태그 관리,Manage Tags
todo,addTag,태그 추가,Add Tag
todo,editTag,태그 수정,Edit Tag
todo,form.tagName,태그 이름,Tag Name
todo,form.tagNamePlaceholder,태그 이름을 입력하세요,Enter tag name
todo,form.tags,태그,Tags
todo,subtask,서브태스크,Subtask
todo,subtasks,서브태스크,Subtasks
todo,addSubtask,서브태스크 추가,Add Subtask
todo,subtaskProgress,{{completed}}/{{total}},{{completed}}/{{total}}
todo,stats,통계,Stats
todo,overdue,기한 초과,Overdue
todo,completionRate,완료율,Completion Rate
calendar,title,캘린더,Calendar
calendar,addEvent,일정 추가,Add Event
calendar,editEvent,일정 수정,Edit Event
calendar,deleteEvent,일정 삭제,Delete Event
calendar,today,오늘,Today
calendar,allDay,종일,All Day
calendar,noEvents,이 날짜에 일정이 없습니다,No events for this date
calendar,events,일정,Events
calendar,todos,할일,Todos
calendar,expenses,지출,Expenses
calendar,timerSessions,타이머 세션,Timer Sessions
calendar,view.month,월,Month
calendar,view.week,주,Week
calendar,eventType.PERSONAL,개인,Personal
calendar,eventType.WORK,업무,Work
calendar,eventType.BIRTHDAY,생일,Birthday
calendar,eventType.HOLIDAY,휴일,Holiday
calendar,form.title,제목,Title
calendar,form.titlePlaceholder,일정 제목을 입력하세요,Enter event title
calendar,form.titleRequired,제목을 입력해주세요,Title is required
calendar,form.description,설명,Description
calendar,form.descriptionPlaceholder,일정 설명을 입력하세요,Enter event description
calendar,form.eventType,일정 유형,Event Type
calendar,form.color,색상,Color
calendar,form.allDay,종일,All Day
calendar,form.startDate,시작일,Start Date
calendar,form.endDate,종료일,End Date
calendar,deleteConfirm.title,일정 삭제,Delete Event
calendar,deleteConfirm.message,"이 일정을 삭제하시겠습니까? 이 작업은 되돌릴 수 없습니다.","Are you sure you want to delete this event? This action cannot be undone."
calendar,deleteConfirm.cancel,취소,Cancel
calendar,deleteConfirm.confirm,삭제,Delete
calendar,label,라벨,Label
calendar,labels,라벨 관리,Manage Labels
calendar,addLabel,라벨 추가,Add Label
calendar,editLabel,라벨 수정,Edit Label
calendar,noLabels,라벨이 없습니다,No labels yet
calendar,form.labelName,라벨 이름,Label Name
calendar,form.labelNamePlaceholder,라벨 이름을 입력하세요,Enter label name
calendar,form.label,라벨,Label
calendar,form.location,장소,Location
calendar,form.locationPlaceholder,장소를 입력하세요,Enter location
calendar,form.recurrence,반복,Recurrence
calendar,form.reminder,알림,Reminder
calendar,form.addReminder,알림 추가,Add Reminder
calendar,recurrence.none,반복 없음,No repeat
calendar,recurrence.daily,매일,Daily
calendar,recurrence.weekly,매주,Weekly
calendar,recurrence.monthly,매월,Monthly
calendar,recurrence.yearly,매년,Yearly
calendar,reminder.5min,5분 전,5 min before
calendar,reminder.15min,15분 전,15 min before
calendar,reminder.30min,30분 전,30 min before
calendar,reminder.1hour,1시간 전,1 hour before
calendar,reminder.1day,1일 전,1 day before
memo,title,메모,Memo
memo,createMemo,메모 작성,New Memo
memo,editMemo,메모 수정,Edit Memo
memo,deleteMemo,메모 삭제,Delete Memo
memo,newMemo,새 메모,New Memo
memo,untitled,제목 없음,Untitled
memo,empty,메모가 없습니다,No memos yet
memo,createFirst,첫 번째 메모를 작성해 보세요,Create your first memo
memo,pinned,고정됨,Pinned
memo,pin,고정,Pin
memo,unpin,고정 해제,Unpin
memo,search,메모 검색,Search memos
memo,searchPlaceholder,제목 또는 내용으로 검색,Search by title or content
memo,allMemos,전체 메모,All Memos
memo,preview,미리보기,Preview
memo,editor,편집,Editor
memo,markdown,마크다운으로 작성,Write in markdown
memo,folder.title,폴더,Folders
memo,folder.create,새 폴더,New Folder
memo,folder.rename,폴더 이름 변경,Rename Folder
memo,folder.delete,폴더 삭제,Delete Folder
memo,folder.name,폴더 이름,Folder Name
memo,folder.namePlaceholder,폴더 이름을 입력하세요,Enter folder name
memo,deleteConfirm.title,메모 삭제,Delete Memo
memo,deleteConfirm.message,"이 메모를 삭제하시겠습니까? 이 작업은 되돌릴 수 없습니다.","Are you sure you want to delete this memo? This action cannot be undone."
memo,deleteConfirm.cancel,취소,Cancel
memo,deleteConfirm.confirm,삭제,Delete
memo,folderDeleteConfirm.title,폴더 삭제,Delete Folder
memo,folderDeleteConfirm.message,"이 폴더를 삭제하시겠습니까? 폴더 내 메모는 이동됩니다.","Are you sure you want to delete this folder? Memos inside will be moved."
calculator,title,계산기,Calculator
calculator,history,계산 기록,History
calculator,clearHistory,기록 삭제,Clear History
calculator,noHistory,계산 기록이 없습니다,No calculation history
calculator,scientific,공학용,Scientific
calculator,standard,일반,Standard
calculator,clearAll,AC,AC
calculator,clear,C,C
calculator,equals,=,=
calculator,error,오류,Error
calculator,clearHistoryConfirm.title,기록 삭제,Clear History
calculator,clearHistoryConfirm.message,모든 계산 기록을 삭제하시겠습니까?,Are you sure you want to clear all calculation history?
calculator,clearHistoryConfirm.cancel,취소,Cancel
calculator,clearHistoryConfirm.confirm,삭제,Clear
timer,title,타이머,Timer
timer,pomodoro,뽀모도로,Pomodoro
timer,stopwatch,스톱워치,Stopwatch
timer,countdown,카운트다운,Countdown
timer,start,시작,Start
timer,pause,일시정지,Pause
timer,resume,재개,Resume
timer,stop,정지,Stop
timer,reset,초기화,Reset
timer,lap,랩,Lap
timer,laps,랩 기록,Laps
timer,noLaps,랩 기록이 없습니다,No laps recorded
timer,session,세션,Session
timer,label,라벨,Label
timer,labelPlaceholder,타이머 라벨을 입력하세요,Enter timer label
timer,setTime,시간 설정,Set Time
timer,hours,시간,Hours
timer,minutes,분,Minutes
timer,seconds,초,Seconds
timer,focusTime,집중 시간,Focus Time
timer,todayFocus,오늘의 집중,Today's Focus
timer,totalSessions,총 세션,Total Sessions
timer,totalTime,총 시간,Total Time
timer,noSessions,아직 세션이 없습니다,No sessions yet
timer,work,작업,Work
timer,break,휴식,Break
timer,completed,완료!,Completed!
timer,deleteConfirm.title,세션 삭제,Delete Session
timer,deleteConfirm.message,이 세션을 삭제하시겠습니까?,Are you sure you want to delete this session?
timer,deleteConfirm.cancel,취소,Cancel
timer,deleteConfirm.confirm,삭제,Delete
expense,title,가계부,Expense
expense,income,수입,Income
expense,expense,지출,Expense
expense,addTransaction,거래 추가,Add Transaction
expense,editTransaction,거래 수정,Edit Transaction
expense,list,내역,Transactions
expense,summary,요약,Summary
expense,budget,예산,Budget
expense,daily,일별,Daily
expense,monthly,월별,Monthly
expense,totalIncome,총 수입,Total Income
expense,totalExpense,총 지출,Total Expense
expense,net,순수익,Net
expense,noTransactions,거래 내역이 없습니다,No transactions yet
expense,createFirst,첫 번째 거래를 기록해 보세요,Record your first transaction
expense,category,카테고리,Category
expense,categories,카테고리 관리,Manage Categories
expense,addCategory,카테고리 추가,Add Category
expense,editCategory,카테고리 수정,Edit Category
expense,categoryName,카테고리 이름,Category Name
expense,categoryNamePlaceholder,카테고리 이름을 입력하세요,Enter category name
expense,form.amount,금액,Amount
expense,form.amountPlaceholder,금액을 입력하세요,Enter amount
expense,form.description,설명,Description
expense,form.descriptionPlaceholder,설명을 입력하세요,Enter description
expense,form.date,날짜,Date
expense,form.paymentMethod,결제 방법,Payment Method
expense,form.paymentMethod.CASH,현금,Cash
expense,form.paymentMethod.CARD,카드,Card
expense,form.paymentMethod.TRANSFER,이체,Transfer
expense,form.paymentMethod.OTHER,기타,Other
expense,budget.title,예산 관리,Budget Management
expense,budget.set,예산 설정,Set Budget
expense,budget.amount,예산 금액,Budget Amount
expense,budget.remaining,남은 예산,Remaining
expense,budget.exceeded,초과,Exceeded
expense,budget.noBudget,설정된 예산이 없습니다,No budget set
expense,categoryBreakdown,카테고리별 분석,Category Breakdown
expense,deleteConfirm.title,거래 삭제,Delete Transaction
expense,deleteConfirm.message,"이 거래를 삭제하시겠습니까? 이 작업은 되돌릴 수 없습니다.","Are you sure you want to delete this transaction? This action cannot be undone."
expense,deleteConfirm.cancel,취소,Cancel
expense,deleteConfirm.confirm,삭제,Delete
expense,form.merchant,거래처,Merchant
expense,form.merchantPlaceholder,거래처를 입력하세요,Enter merchant name
expense,form.asset,자산,Asset
expense,weekly,주간,Weekly
expense,yearly,연간,Yearly
expense,byMerchant,거래처별,By Merchant
expense,byAsset,자산별,By Asset
expense,template,템플릿,Template
expense,templates,자주 쓰는 내역,Templates
expense,addTemplate,템플릿 추가,Add Template
expense,editTemplate,템플릿 수정,Edit Template
expense,useTemplate,템플릿 사용,Use Template
expense,templateName,템플릿 이름,Template Name
expense,templateNamePlaceholder,템플릿 이름을 입력하세요,Enter template name
expense,recurring,반복 거래,Recurring
expense,addRecurring,반복 거래 추가,Add Recurring
expense,editRecurring,반복 거래 수정,Edit Recurring
expense,frequency.DAILY,매일,Daily
expense,frequency.WEEKLY,매주,Weekly
expense,frequency.MONTHLY,매월,Monthly
expense,frequency.YEARLY,매년,Yearly
expense,nextExecution,다음 실행일,Next Execution
expense,active,활성,Active
expense,inactive,비활성,Inactive
expense,searchExpenses,거래 검색,Search Transactions
expense,searchPlaceholder,검색어를 입력하세요,Enter search keyword
expense,linkedEvent,연결된 일정,Linked Event
expense,linkedTodo,연결된 할일,Linked Todo
expense,form.calendarEvent,일정 연결,Link Event
expense,form.todo,할일 연결,Link Todo
expense,linkExpense,지출 추가,Add Expense
expense,noLinkedExpenses,연결된 지출이 없습니다,No linked expenses
asset,title,자산 관리,Asset Management
asset,assets,자산,Assets
asset,transfers,이체,Transfers
asset,addAsset,자산 추가,Add Asset
asset,editAsset,자산 수정,Edit Asset
asset,addTransfer,이체 추가,Add Transfer
asset,totalBalance,총 자산,Total Balance
asset,count,개,
asset,noAssets,등록된 자산이 없습니다,No assets registered
asset,createFirst,첫 번째 자산을 등록해 보세요,Register your first asset
asset,noTransfers,이체 내역이 없습니다,No transfers yet
asset,fee,수수료,Fee
asset,loading,로딩 중...,Loading...
asset,assetType.bankaccount,은행 계좌,Bank Account
asset,assetType.creditcard,신용카드,Credit Card
asset,assetType.checkcard,체크카드,Check Card
asset,assetType.cash,현금,Cash
asset,assetType.savings,적금,Savings
asset,assetType.loan,대출,Loan
asset,assetType.investment,투자,Investment
asset,form.assetName,자산명,Asset Name
asset,form.assetNamePlaceholder,자산명을 입력하세요,Enter asset name
asset,form.assetType,자산 유형,Asset Type
asset,form.balance,잔액,Balance
asset,form.institution,금융기관,Institution
asset,form.institutionPlaceholder,금융기관명을 입력하세요,Enter institution name
asset,form.color,색상,Color
asset,form.memo,메모,Memo
asset,form.memoPlaceholder,메모를 입력하세요,Enter memo
asset,form.fromAsset,출금 자산,From Asset
asset,form.toAsset,입금 자산,To Asset
asset,form.amount,금액,Amount
asset,form.amountPlaceholder,금액을 입력하세요,Enter amount
asset,form.fee,수수료,Fee
asset,form.date,날짜,Date
asset,form.description,설명,Description
asset,form.descriptionPlaceholder,설명을 입력하세요,Enter description
asset,deleteConfirm.title,자산 삭제,Delete Asset
asset,deleteConfirm.message,"이 자산을 삭제하시겠습니까? 이 작업은 되돌릴 수 없습니다.","Are you sure you want to delete this asset? This action cannot be undone."
asset,deleteConfirm.cancel,취소,Cancel
asset,deleteConfirm.confirm,삭제,Delete
dashboard,title,대시보드,Dashboard
dashboard,welcome,환영합니다,Welcome
dashboard,overview,개요,Overview
dashboard,viewAll,전체 보기,View All
dashboard,todayOverview,오늘의 요약,Today's Overview
dashboard,todo.title,할일,Todo
dashboard,todo.total,전체,Total
dashboard,todo.pending,대기,Pending
dashboard,todo.inProgress,진행 중,In Progress
dashboard,todo.completed,완료,Completed
dashboard,todo.todayDue,오늘 마감,Due Today
dashboard,todo.completionRate,완료율,Completion Rate
dashboard,calendar.title,캘린더,Calendar
dashboard,calendar.todayEvents,오늘 일정,Today's Events
dashboard,calendar.upcoming,다가오는 일정,Upcoming Events
dashboard,calendar.nextEvent,다음 일정,Next Event
dashboard,calendar.noUpcoming,예정된 일정 없음,No upcoming events
dashboard,timer.title,타이머,Timer
dashboard,timer.todayFocus,오늘 집중,Today's Focus
dashboard,timer.sessions,세션,Sessions
dashboard,timer.weeklyFocus,주간 집중,Weekly Focus
dashboard,timer.startTimer,타이머 시작,Start Timer
dashboard,expense.title,가계부,Expense
dashboard,expense.todayIncome,오늘 수입,Today's Income
dashboard,expense.todayExpense,오늘 지출,Today's Expense
dashboard,expense.monthlyIncome,이번 달 수입,Monthly Income
dashboard,expense.monthlyExpense,이번 달 지출,Monthly Expense
dashboard,expense.net,순수익,Net
dashboard,memo.title,메모,Memo
dashboard,memo.total,전체 메모,Total Memos
dashboard,memo.pinned,고정됨,Pinned
dashboard,memo.recent,최근 메모,Recent Memo
dashboard,memo.noRecent,최근 메모 없음,No recent memos
dashboard,calculator.title,계산기,Calculator
dashboard,calculator.quickCalc,빠른 계산,Quick Calculate
dashboard,calculator.openFull,계산기 열기,Open Calculator
dashboard,greeting.morning,좋은 아침이에요,Good morning
dashboard,greeting.afternoon,좋은 오후예요,Good afternoon
dashboard,greeting.evening,좋은 저녁이에요,Good evening
dashboard,greeting.subtitle,오늘도 알찬 하루 보내세요!,Have a productive day!
dashboard,summary.todoProgress,할일 진행률,Todo Progress
dashboard,summary.monthlyExpense,이번 달 지출,Monthly Expense
dashboard,summary.focusTime,오늘 집중 시간,Today's Focus
dashboard,quick.dueToday,오늘 마감,Due Today
dashboard,quick.todayEvents,오늘 일정,Today's Events
dashboard,quick.pinnedMemos,고정 메모,Pinned Memos
dashboard,quick.timerSessions,타이머 세션,Timer Sessions
dashboard,schedule.title,다가오는 일정,Upcoming Events
dashboard,schedule.daysLeft,D-{{days}},D-{{days}}
dashboard,schedule.today,오늘,Today
dashboard,schedule.tomorrow,내일,Tomorrow
dashboard,chart.title,지출 추이,Expense Trend
dashboard,chart.last30days,최근 30일,Last 30 days
dashboard,chart.income,수입,Income
dashboard,chart.expense,지출,Expense
dutchPay,title,더치페이,Dutch Pay
dutchPay,addDutchPay,더치페이 추가,Add Dutch Pay
dutchPay,editDutchPay,더치페이 수정,Edit Dutch Pay
dutchPay,empty,더치페이 내역이 없습니다,No dutch pay records
dutchPay,settled,정산 완료,Settled
dutchPay,participants,명,
dutchPay,count,건,
dutchPay,currency,원,
dutchPay,perPerson,인당,per person
dutchPay,settleAll,전체 정산,Settle All
dutchPay,filter.all,전체,All
dutchPay,filter.active,진행 중,Active
dutchPay,filter.settled,정산 완료,Settled
dutchPay,splitMethod.EQUAL,균등 분할,Equal Split
dutchPay,splitMethod.CUSTOM,직접 입력,Custom
dutchPay,splitMethod.RATIO,비율 분할,Ratio
dutchPay,form.title,제목,Title
dutchPay,form.titlePlaceholder,더치페이 제목을 입력하세요,Enter title
dutchPay,form.titleRequired,제목을 입력해주세요,Title is required
dutchPay,form.description,설명,Description
dutchPay,form.descriptionPlaceholder,설명을 입력하세요,Enter description
dutchPay,form.totalAmount,총 금액,Total Amount
dutchPay,form.date,날짜,Date
dutchPay,form.splitMethod,분할 방식,Split Method
dutchPay,form.participants,참가자,Participants
dutchPay,form.participantName,이름,Name
dutchPay,form.addParticipant,참가자 추가,Add Participant
dutchPay,deleteConfirm.title,더치페이 삭제,Delete Dutch Pay
dutchPay,deleteConfirm.message,"이 더치페이를 삭제하시겠습니까? 이 작업은 되돌릴 수 없습니다.","Are you sure you want to delete this? This action cannot be undone."
notification,title,알림,Notifications
notification,empty,알림이 없습니다,No notifications
notification,markAllRead,모두 읽음,Mark all read
notification,type.EVENT_REMINDER,일정 알림,Event Reminder
notification,type.BUDGET_ALERT,예산 알림,Budget Alert
notification,type.TODO_REMINDER,할일 알림,Todo Reminder
notification,type.SYSTEM,시스템 알림,System
group,title,그룹,Groups
group,addGroup,그룹 추가,Add Group
group,editGroup,그룹 수정,Edit Group
group,joinGroup,그룹 참가,Join Group
group,empty,그룹이 없습니다,No groups yet
group,createFirst,첫 번째 그룹을 만들어 보세요,Create your first group
group,backToList,목록으로,Back to list
group,inviteCode,초대 코드,Invite Code
group,inviteCodePlaceholder,초대 코드를 입력하세요,Enter invite code
group,inviteCodeCopied,초대 코드가 복사되었습니다,Invite code copied
group,inviteCodeRegenerated,초대 코드가 재생성되었습니다,Invite code regenerated
group,join,참가,Join
group,members,멤버,Members
group,memberCount,명,
group,createSuccess,그룹이 생성되었습니다,Group created
group,updateSuccess,그룹이 수정되었습니다,Group updated
group,deleteSuccess,그룹이 삭제되었습니다,Group deleted
group,joinSuccess,그룹에 참가했습니다,Joined group successfully
group,joinError,그룹 참가에 실패했습니다,Failed to join group
group,memberRemoved,멤버가 제거되었습니다,Member removed
group,roleChanged,역할이 변경되었습니다,Role changed
group,groupType.FAMILY,가족,Family
group,groupType.COUPLE,커플,Couple
group,groupType.FRIENDS,친구,Friends
group,groupType.CUSTOM,기타,Custom
group,role.OWNER,소유자,Owner
group,role.ADMIN,관리자,Admin
group,role.MEMBER,멤버,Member
group,form.groupName,그룹 이름,Group Name
group,form.groupNamePlaceholder,그룹 이름을 입력하세요,Enter group name
group,form.description,설명,Description
group,form.descriptionPlaceholder,설명을 입력하세요,Enter description
group,form.groupType,그룹 유형,Group Type
group,deleteConfirm.title,그룹 삭제,Delete Group
group,deleteConfirm.message,"이 그룹을 삭제하시겠습니까? 이 작업은 되돌릴 수 없습니다.","Are you sure you want to delete this group? This action cannot be undone."
group,comment,댓글,Comment
group,comments,댓글,Comments
group,addComment,댓글 추가,Add Comment
group,editComment,댓글 수정,Edit Comment
group,noComments,댓글이 없습니다,No comments yet
group,commentPlaceholder,댓글을 입력하세요,Enter a comment
group,reply,답글,Reply
login,sso.description,로그인하려면 아래 버튼을 클릭하세요.,Click the button below to log in.
login,sso.login,로그인,Log in
login,sso.redirecting,로그인 페이지로 이동 중...,Redirecting to login...
login,sso.notice,통합 인증 시스템(SSO)을 통해 로그인합니다.,Log in through the Single Sign-On (SSO) system.
expense,budget.save,저장,Save
expense,budget.deleteConfirm.title,예산 삭제,Delete Budget
expense,budget.deleteConfirm.message,"이 예산을 삭제하시겠습니까? 이 작업은 되돌릴 수 없습니다.","Are you sure you want to delete this budget? This action cannot be undone."
expense,form.icon,아이콘,Icon
expense,form.iconPlaceholder,예: 이모지,e.g. emoji
expense,form.color,색상,Color
expense,form.save,저장,Save
expense,loadFromTemplate,템플릿에서 불러오기,Load from template
expense,searchTemplatePlaceholder,템플릿 검색...,Search templates...
expense,noTemplatesFound,템플릿이 없습니다,No templates found
expense,addSubCategory,소분류 추가,Add Subcategory
expense,cannotDeleteParentCategory,"하위 카테고리가 있는 대분류는 삭제할 수 없습니다. 먼저 하위 카테고리를 삭제해 주세요.","Cannot delete a category that has subcategories. Please delete the subcategories first."
expense,stats.period3m,3개월,3 months
expense,stats.period6m,6개월,6 months
expense,stats.period1y,1년,1 year
expense,stats.monthlyTrend,월별 추이,Monthly Trend
expense,stats.yearOverYear,전년 대비,Year over Year
expense,stats.categoryTrend,카테고리 추이,Category Trend
expense,stats.selectCategory,카테고리 선택,Select category
expense,stats.budgetVsActual,예산 대비 실적,Budget vs Actual
expense,stats.noBudgetSet,"설정된 예산이 없습니다. 예산 탭에서 설정해 주세요.","No budgets set. Configure budgets in the Budget tab."
expense,stats.merchantAnalysis,거래처 분석,Merchant Analysis
expense,stats.noMerchantData,거래처 데이터가 없습니다,No merchant data available
expense,stats.assetUsage,자산별 사용,Asset Usage
expense,stats.noAssetData,자산 데이터가 없습니다,No asset data available
expense,stats.topMerchants,상위 거래처,Top Merchants
expense,stats.transactionCount,{{count}}건,{{count}} transactions
expense,stats.thisYear,올해,This Year
expense,stats.lastYear,작년,Last Year
expense,stats.noData,데이터가 없습니다,No data available
dashboard,loading,로딩 중...,Loading...
dashboard,noData,데이터 없음,No data
dashboard,save,저장,Save
dashboard,edit,편집,Edit
dashboard,cancel,취소,Cancel
dashboard,saveError,대시보드 저장에 실패했습니다,Failed to save dashboard
dashboard,hideWidget,위젯 숨기기,Hide widget
dashboard,widgetSettings,위젯 설정,Widget Settings
dashboard,closeSettings,설정 닫기,Close Settings
dashboard,availableWidgets,사용 가능한 위젯,Available Widgets
dashboard,widgetDragHint,위젯을 대시보드로 드래그하여 추가하세요,Drag widgets to the dashboard to add them
dashboard,inUse,사용 중,In Use
dashboard,layoutReset,레이아웃 초기화,Reset Layout
dashboard,todo.notes,메모,Notes
dashboard,todo.overdue,기한 초과,Overdue
dashboard,calendar.noToday,오늘 일정 없음,No events today
dashboard,expense.todayLabel,오늘,Today
dashboard,expense.budget,예산,Budget
dashboard,expense.actual,실적,Actual
dashboard,expense.remaining,잔여,Remaining
dashboard,expense.category,카테고리별,By Category
dashboard,expense.merchant,가맹점별,By Merchant
dashboard,expense.monthly,월별 비교,Monthly Compare
dashboard,expense.noMerchant,가맹점 데이터 없음,No merchant data
dashboard,expense.noCategory,카테고리 데이터 없음,No category data
dashboard,memo.noPinned,고정된 메모 없음,No pinned memos
dashboard,asset.title,자산 현황,Asset Overview
dashboard,asset.totalBalance,총 자산,Total Assets
dashboard,asset.noData,자산 데이터 없음,No asset data
dashboard,asset.bankAccount,은행계좌,Bank Account
dashboard,asset.creditCard,신용카드,Credit Card
dashboard,asset.checkCard,체크카드,Check Card
dashboard,asset.cash,현금,Cash
dashboard,asset.savings,적금,Savings
dashboard,asset.loan,대출,Loan
dashboard,asset.investment,투자,Investment
dashboard,dday.title,D-Day,D-Day
dashboard,dday.today,D-Day,D-Day
dashboard,dday.noEvent,예정된 일정 없음,No upcoming events
dashboard,focus.title,주간 집중,Weekly Focus
dashboard,focus.mon,월,Mon
dashboard,focus.tue,화,Tue
dashboard,focus.wed,수,Wed
dashboard,focus.thu,목,Thu
dashboard,focus.fri,금,Fri
dashboard,focus.sat,토,Sat
dashboard,focus.sun,일,Sun
dashboard,widget.greeting,인사말,Greeting
dashboard,widget.todoSummary,할일 요약,Todo Summary
dashboard,widget.expenseSummary,가계부 요약,Expense Summary
dashboard,widget.timerSummary,집중 시간,Focus Time
dashboard,widget.upcomingEvents,다가오는 일정,Upcoming Events
dashboard,widget.expenseTrend,지출 추이,Expense Trend
dashboard,widget.quickStats,빠른 통계,Quick Stats
dashboard,widget.expenseCategory,카테고리별 지출,Expense by Category
dashboard,widget.monthlyBudget,월별 예산,Monthly Budget
dashboard,widget.expenseByMerchant,가맹점별 지출,Expense by Merchant
dashboard,widget.assetOverview,자산 현황,Asset Overview
dashboard,widget.monthlyCompare,월별 비교,Monthly Compare
dashboard,widget.miniCalendar,미니 캘린더,Mini Calendar
dashboard,widget.todaySchedule,오늘 일정,Today's Schedule
dashboard,widget.dday,D-Day,D-Day
dashboard,widget.recentTodos,최근 할일,Recent Todos
dashboard,widget.pinnedMemos,고정 메모,Pinned Memos
dashboard,widget.weeklyFocus,주간 집중 차트,Weekly Focus Chart
dashboard,widget.timerMini,미니 타이머,Mini Timer
dashboard,widget.calculatorMini,계산기,Calculator
dashboard,widget.monthlyTrend,월별 추이,Monthly Trend
dashboard,widget.yearOverYear,전년 대비,Year over Year
dashboard,widget.categoryTrend,카테고리 추이,Category Trend
dashboard,widget.budgetVsActual,예산 대비 실적,Budget vs Actual
dashboard,widget.merchantAnalysis,거래처 분석,Merchant Analysis
dashboard,widget.assetUsage,자산별 사용,Asset Usage
group,groupTypeManagement,그룹 유형 관리,Group Type Management
group,noGroupType,미지정,Uncategorized
group,tabs.members,멤버,Members
group,tabs.schedule,공유 일정,Shared Schedule
group,tabs.expense,공유 가계부,Shared Expenses
group,addGroupEvent,그룹 일정 추가,Add Group Event
group,addGroupExpense,그룹 지출 추가,Add Group Expense
group,noGroupEvents,아직 공유 일정이 없습니다,No shared events yet
group,noGroupExpenses,아직 공유 가계부가 없습니다,No shared expenses yet
group,createdBy,작성자,Created by
calendar,header.eventCount,{{count}}개 일정,{{count}} events
calendar,form.calendar,캘린더,Calendar
calendar,selectGroup,그룹 선택,Select Group
calendar,personal,개인,Personal
calendar,form.group,그룹,Group
expense,selectGroup,그룹 선택,Select Group
expense,personal,개인,Personal
expense,form.group,그룹,Group
calendar,add,추가,Add
calendar,edit,수정,Edit
calendar,delete,삭제,Delete
calendar,default,기본,Default
calendar,manage,캘린더 관리,Manage Calendars
calendar,name,이름,Name
calendar,namePlaceholder,캘린더 이름을 입력하세요,Enter calendar name
calendar,deleteConfirm,이 캘린더를 삭제하시겠습니까? 캘린더의 모든 일정이 삭제됩니다.,Are you sure you want to delete this calendar? All events will be deleted.
calendar,cannotDeleteDefault,기본 캘린더는 삭제할 수 없습니다,Cannot delete the default calendar
calendar,otherSources,기타 소스,Other Sources
calendar,source.holiday,공휴일,Holidays
calendar,source.expense,가계부,Expenses
calendar,source.todo,할 일,Todos
calendar,header.viewDay,일 보기,Day View
calendar,header.viewWeek,주 보기,Week View
calendar,header.viewMonth,월 보기,Month View
calendar,header.viewYear,년 보기,Year View
calendar,header.viewAgenda,아젠다 보기,Agenda View
calendar,event.dayOfTotal,{{current}}/{{total}}일,Day {{current}} of {{total}}
calendar,monthView.more,+{{count}}개 더보기,+{{count}} more
calendar,dayView.happeningNow,진행 중,Happening Now
calendar,dayView.noAppointments,진행 중인 일정이 없습니다,No appointments right now
calendar,agenda.noEvents,일정이 없습니다,No events
calendar,quickAdd.title,추가하기,Quick Add
calendar,quickAdd.addSchedule,일정 추가,Add Schedule
calendar,quickAdd.scheduleDesc,새로운 일정을 등록합니다,Register a new schedule
calendar,quickAdd.addTransaction,거래 추가,Add Transaction
calendar,quickAdd.transactionDesc,새로운 거래를 등록합니다,Register a new transaction
calendar,holiday.manage,공휴일 관리,Manage Holidays
calendar,holiday.add,추가,Add
calendar,holiday.edit,수정,Edit
calendar,holiday.date,날짜,Date
calendar,holiday.name,공휴일명,Holiday Name
calendar,holiday.namePlaceholder,공휴일 이름을 입력하세요,Enter holiday name
calendar,holiday.type,유형,Type
calendar,holiday.type.PUBLIC,공휴일,Public Holiday
calendar,holiday.type.SUBSTITUTE,대체 공휴일,Substitute Holiday
calendar,holiday.type.CUSTOM,사용자 지정,Custom
calendar,holiday.recurring,매년 반복,Recurring annually
calendar,holiday.deleteConfirm.title,공휴일 삭제,Delete Holiday
calendar,holiday.deleteConfirm.message,이 공휴일을 삭제하시겠습니까?,Are you sure you want to delete this holiday?
calendar,holiday.deleteConfirm.cancel,취소,Cancel
calendar,holiday.deleteConfirm.confirm,삭제,Delete
dashboard,allDay,종일,All Day
dashboard,total,합계,Total
group,addGroupType,그룹 유형 추가,Add Group Type
group,deleteGroupType,그룹 유형 삭제,Delete Group Type
group,groupTypeDeleteConfirm,이 그룹 유형을 삭제하시겠습니까?,Are you sure you want to delete this group type?
group,groupTypeNamePlaceholder,그룹 유형 이름을 입력하세요,Enter group type name
memo,folders,폴더,Folders
todo,type.ALL,전체,All
todo,type.TASK,할 일,Task
todo,type.NOTE,노트,Note
todo,note.empty,노트가 없습니다,No notes yet
todo,note.createFirst,첫 번째 노트를 작성해보세요,Create your first note
todo,note.editor,편집기,Editor
todo,note.preview,미리보기,Preview
todo,note.markdown,마크다운으로 작성하세요...,Write in markdown...
todo,note.pin,고정,Pin
todo,note.unpin,고정 해제,Unpin